place_id,이름,주소,위도,경도,상태,매칭이유
20037779,GS25 강남태양점,서울 강남구 봉은사로4길 29,37.5029655486786,127.026862108996,정상,"주소, 좌표"
18118076,세븐일레븐 역삼보브점,서울 강남구 봉은사로 114,37.50472179363172,127.02603487008845,정상,"이름, 주소"
874801248,GS25 S9신논현역점,서울 강남구 봉은사로 지하 102,37.50462740563329,127.02502827758929,정상,주소
27491418,GS25 논현미래점,서울 강남구 강남대로112길 20,37.5055570125259,127.026093971089,정상,주소
12296343,GS25 역삼덕원점,서울 강남구 테헤란로13길 16,37.5007332833276,127.032348471191,정상,"이름, 주소"
1288267276,세븐일레븐 역삼피에스따점,서울 강남구 테헤란로19길 29,37.50189184887806,127.03281265014253,정상,"이름, 주소"
479356065,GS25 강남시티힐점,서울 강남구 강남대로98길 17,37.5009506448066,127.027960632182,정상,"주소, 좌표"
1284614872,GS25 강남아트점,서울 강남구 강남대로102길 40,37.50342020485653,127.0283664324138,정상,"주소, 좌표"
12296465,GS25 역삼영동점,서울 강남구 봉은사로30길 11,37.5068015555161,127.035486218019,정상,"이름, 주소, 좌표"
12006362,GS25 역삼소망점,서울 강남구 봉은사로26길 26,37.5054794047338,127.033694121761,정상,"이름, 주소"
8421046,세븐일레븐 역삼10호점,서울 강남구 테헤란로19길 10,37.5007617335222,127.033714619909,정상,"이름, 주소, 좌표"
2052253330,GS25 역삼코디점,서울 강남구 논현로95길 29-13,37.5010643362751,127.034185215449,정상,"이름, 주소, 좌표"
178935375,GS25 역삼쏘도베점,서울 강남구 강남대로94길 95,37.50114696789636,127.035075282013,정상,"이름, 주소"
12296466,GS25 역삼기쁨점,서울 강남구 테헤란로25길 39,37.503071598878776,127.03479570861724,정상,"이름, 주소, 좌표"
27214263,GS25 지에스본점,서울 강남구 논현로93길 3,37.5018819450189,127.03588649872,정상,"주소, 좌표"
595900961,GS25 S역삼역점,서울 강남구 테헤란로 지하 156,37.500716719694,127.036618768763,폐업,없음
16736810,CU 역삼하나점,서울 강남구 테헤란로25길 59,37.504307944480644,127.03422740894705,정상,"이름, 주소, 좌표"
890336551,GS25 지에스강남점,서울 강남구 논현로 508,37.50182217987944,127.0368568025965,정상,주소
1729559034,GS25 언주제일점,서울 강남구 논현로111길 14,37.507652999386444,127.03236955308671,정상,"주소, 좌표"
114695899,GS25 강남헤븐리치점,서울 강남구 봉은사로 170,37.506672625125,127.032663188949,정상,주소
885168492,GS25 SI타워점,서울 강남구 테헤란로 203,37.501452546710425,127.03755779010244,정상,주소
12296464,GS25 역삼지에스점,서울 강남구 봉은사로30길 78,37.502472647214,127.03704485729,정상,"이름, 주소, 좌표"
238717460,CU 역삼충현점,서울 강남구 봉은사로30길 62,37.5035513368663,127.036447117849,정상,주소
941844254,이마트24 R강남차병원점,서울 강남구 논현로 566,37.5068099365486,127.034568981895,정상,주소
1826074522,GS25 S9언주역점,서울 강남구 봉은사로 지하 201,37.5073426131135,127.033939256672,폐업,없음
23251840,GS25 논현평화점,서울 강남구 논현로115길 69,37.5083353926526,127.027501929448,정상,"주소, 좌표"
88127185,GS25 역삼홍인점,서울 강남구 봉은사로30길 43,37.50475786191425,127.03619097465885,정상,"주소, 좌표"
17041909,CU 논현한미점,서울 강남구 봉은사로 179,37.507512126970205,127.03350163274831,정상,주소
1393705855,세븐일레븐 역삼화인점,서울 강남구 봉은사로30길 28,37.5056870235398,127.035448368061,정상,"이름, 주소"
26820270,GS25 역삼본점,서울 강남구 테헤란로29길 10,37.5023134844679,127.038867839492,정상,"이름, 주소"
27603078,GS25 지에스사랑점,서울 강남구 테헤란로28길 3-10,37.5009689784835,127.039486881649,정상,"이름, 주소, 좌표"
819301454,GS25 역삼프리미엄점,서울 강남구 논현로94길 32,37.5029261205005,127.03901291743,정상,"주소, 좌표"
16983065,need&buy,서울 강남구 강남대로 428,37.5007707325433,127.026712042879,정상,"주소, 좌표"
975724893,CU 역삼행복점,서울 강남구 논현로105길 31,37.5056376048789,127.031803192293,정상,"주소, 좌표"
27547018,CU 논현윤진점,서울 강남구 논현로119길 54,37.50812236399536,127.02913504229646,정상,"주소, 좌표"
584362052,세븐일레븐 신논현강남점,서울 강남구 봉은사로 140,37.5059272769787,127.030087610057,정상,"이름, 주소, 좌표"
776319056,CU 강남거평점,서울 강남구 봉은사로 129,37.5059169030284,127.028315351734,정상,주소
12296529,GS25 논현으뜸점,서울 강남구 봉은사로21길 21,37.5080318835064,127.030636998145,정상,"주소, 좌표"
12296533,GS25 논현마루점,서울 강남구 봉은사로11길 26,37.5075305460608,127.02855234225642,정상,주소
7886420,세븐일레븐 거평타운점,서울 강남구 봉은사로 129,37.50582053305919,127.0281581085644,정상,"이름, 주소"
564964269,CU 논현평화점,서울 강남구 강남대로122길 56,37.5091175077626,127.02731672686,정상,"이름, 주소, 좌표"
21417245,GS25 논현이편한점,서울 강남구 봉은사로11길 12,37.50689710397848,127.0286991310271,정상,"주소, 좌표"
2138553328,세븐일레븐 뉴역삼한은점,서울 강남구 테헤란로28길 7,37.50064119480634,127.03893708881064,정상,"주소, 좌표"
16298489,세븐일레븐 논현한어울림점,서울 강남구 학동로12길 47,37.5099607062792,127.027923275029,정상,"이름, 주소, 좌표"
1275236821,CU 논현성덕점,서울 강남구 강남대로114길 41,37.50670821670619,127.0273339448978,정상,주소
17050607,CU 역삼역촌점,서울 강남구 봉은사로26길 14,37.5059661048947,127.033137895312,정상,"주소, 좌표"
17050663,CU 역삼강남점,서울 강남구 강남대로94길 23,37.499724980184,127.029186062117,정상,주소
19204977,CU 역삼시티점,서울 강남구 테헤란로7길 7,37.499575974035224,127.03053176295857,정상,"이름, 주소, 좌표"
7886457,세븐일레븐 역삼은탑점,서울 강남구 테헤란로14길 5,37.4990175319758,127.033198153814,정상,"이름, 주소"
18117245,세븐일레븐 역삼타운점,서울 강남구 강남대로84길 28,37.49697916155345,127.03096269064457,정상,"이름, 주소"
17056606,GS25 강남태강점,서울 강남구 테헤란로10길 14,37.4982428939028,127.032379061242,정상,"이름, 주소"
37304029,세븐일레븐 강남스퀘어점,서울 강남구 테헤란로1길 10,37.498961160035,127.028226778159,정상,"이름, 주소, 좌표"
1093931949,세븐일레븐 뉴강남센터점,서울 강남구 강남대로96길 9,37.4998577773668,127.027736307654,정상,"주소, 좌표"
1495557148,세븐일레븐 논현영동점,서울 강남구 강남대로128길 34,37.51048397725559,127.02484134688859,정상,"이름, 주소"
27498668,GS25 논현드림점,서울 강남구 봉은사로1길 9,37.5053662619724,127.02487697331,정상,주소
825128822,CU 강남논현타운점,서울 강남구 강남대로114길 25,37.506295786545,127.026320426457,정상,"주소, 좌표"
11289660,CU 논현혜성점,서울 강남구 강남대로118길 8,37.5061772479098,127.024488182075,정상,"이름, 주소, 좌표"
251026785,더까까주까 프렌즈 논현점,서울 강남구 강남대로126길 34,37.50992527008003,127.02523928989277,폐업,없음
12296398,GS25 강남메트로점,서울 강남구 테헤란로 101,37.4986152146001,127.028054754897,정상,"주소, 좌표"
16299855,GS25 S강남역1호점,서울 강남구 강남대로 지하 396,37.498110630379124,127.02814164293909,정상,이름
1644879584,GS25 S강남역3호점,서울 강남구 강남대로 390,37.497738438910254,127.02845814464982,정상,주소
27498643,GS25 강남본점,서울 강남구 테헤란로2길 8,37.4976707892101,127.028764582323,정상,주소
1274767874,이마트24 강남역점,서울 강남구 강남대로 지하 396,37.49803411984042,127.02782497159826,폐업,없음
27062848,CU 강남푸르지오점,서울 강남구 테헤란로4길 6,37.49781570574347,127.02935607938045,정상,주소
25757572,GS25 역삼효성점,서울 강남구 강남대로84길 23,37.4972054877432,127.030293318503,정상,주소
741213525,세븐일레븐 삼원타워점,서울 강남구 테헤란로 124,37.498784581745,127.031704161062,정상,"이름, 주소"
143879654,세븐일레븐 역삼타워점,서울 강남구 강남대로84길 16,37.49674241466143,127.03012011185031,정상,"이름, 주소"
16765508,CU 역삼디오빌점,서울 강남구 강남대로84길 33,37.4973710303014,127.03122521115,정상,주소
16502962,CU 역삼우인점,서울 강남구 강남대로84길 8,37.49649934908793,127.02930015277539,정상,"주소, 좌표"
12296534,GS25 논현영동점,서울 강남구 학동로2길 19,37.509968986797,127.022942149026,정상,주소
16502957,CU 역삼유토빌점,서울 강남구 논현로87길 41,37.498866137805,127.03328742623641,정상,주소
12296335,GS25 강남쌍용점,서울 강남구 테헤란로4길 46,37.495672960107285,127.02996136600882,정상,"이름, 주소"
489244280,GS25 역삼이담점,서울 강남구 테헤란로16길 15,37.4985631684758,127.034098128763,정상,"주소, 좌표"
16906463,CU 역삼포스틸점,서울 강남구 테헤란로20길 10,37.49906858777519,127.03425442031283,정상,주소
12296458,GS25 역삼쌍마점,서울 강남구 논현로85길 57,37.49777405302553,127.03351763744612,정상,주소
1063485116,GS25 논현대지본점,서울 강남구 강남대로124길 5,37.5088949344898,127.023222315838,정상,주소
26540934,GS25 논현목련점,서울 강남구 강남대로124길 60,37.51048356568698,127.02672681432396,정상,"이름, 주소, 좌표"
7956193,세븐일레븐 논현12호점,서울 강남구 강남대로128길 48,37.5111974023366,127.025638984225,정상,"주소, 좌표"
15225874,세븐일레븐 논현스타우스점,서울 강남구 강남대로124길 46,37.509748515061,127.025968753269,정상,"이름, 주소"
1141207801,CU 논현광명점,서울 강남구 강남대로 506,37.50754064556634,127.02361888079626,정상,주소
19205791,CU 논현동화점,서울 강남구 학동로4길 15,37.5107509905003,127.023290754352,정상,주소
27491016,GS25 논현영동시장점,서울 강남구 강남대로122길 20,37.50809545853024,127.02462792392645,정상,"주소, 좌표"
74531726,이마트24 R논현스타점,서울 강남구 봉은사로1길 42,37.5074666563815,127.024147038603,정상,"이름, 주소"
12296530,GS25 논현우람점,서울 강남구 학동로6길 48,37.509233097512,127.026163112811,정상,"이름, 주소"
1408591718,CU 세곡지웰점,서울 강남구 헌릉로569길 9,37.46670148337675,127.10078143298986,정상,주소
21570571,GS25 보금자리점,서울 강남구 헌릉로571길 20,37.4671113860529,127.101898818587,정상,주소
730194894,봉봉24 율현점,서울 강남구 밤고개로26길 50,37.4685353195876,127.104606980578,정상,주소
975114439,봉봉24 자곡점,서울 강남구 밤고개로26길 50,37.468599315270566,127.10457993961076,정상,주소
558960291,GS25 강남에이스타워점,서울 강남구 자곡로 174-10,37.47277477861147,127.10334900590254,정상,주소
26775571,CU 강남자곡점,서울 강남구 자곡로 175,37.4738146720156,127.10216567262,정상,주소
26896329,CU 율현중앙점,서울 강남구 밤고개로 252,37.471812907346425,127.10694144857136,정상,"주소, 좌표"
239698799,GS25 강남유블레스점,서울 강남구 자곡로 180,37.47366217825435,127.10345762516106,정상,주소
818347662,이마트24 R자곡시티점,서울 강남구 자곡로 192,37.474469032465,127.103970858783,정상,"이름, 주소"
1989104777,GS25 자곡신영점,서울 강남구 자곡로 204-5,37.4744091988855,127.10540200158,정상,주소
26775912,CU 자곡현대점,서울 강남구 자곡로 202,37.474731282521546,127.10492650713455,정상,주소
1616549415,CU 강남율현점,서울 강남구 밤고개로21길 8,37.4735492157304,127.107864146979,정상,주소
1712367747,GS25 자곡라르고점,서울 강남구 자곡로 201,37.47541198955466,127.10442437509973,정상,주소
27498674,GS25 강남세곡점,서울 강남구 밤고개로21길 25,37.47476795380141,127.10920216763989,정상,"이름, 주소"
1041128381,GS25 수서디아크리온점,서울 강남구 자곡로11길 11,37.4770414929407,127.107903082581,정상,주소
1742547842,CU 한양수자인점,서울 강남구 자곡로 260,37.473973131382586,127.11317246961656,정상,주소
798526754,CU 세곡푸르지오점,서울 강남구 자곡로 21,37.4667799694849,127.09296824675,정상,"주소, 좌표"
1528324691,CU 강남남명학사점,서울 강남구 자곡로 114,37.4720574475096,127.096023673025,정상,주소
2073358204,GS25 자곡베스트점,서울 강남구 자곡로3길 22,37.471620406750475,127.09037642569533,정상,주소
1616040207,CU 자곡힐스테이트점,서울 강남구 자곡로3길 21,37.47102724499837,127.08958325962907,정상,주소
1586941757,GS25 강남드림하이점,서울 강남구 헌릉로569길 21-30,37.46632133526589,127.10068936124122,정상,주소
280649035,CU 세곡리엔점,서울 강남구 헌릉로590길 11,37.46434538919039,127.10384606334688,정상,주소
17077556,GS25 세곡리엔점,서울 강남구 헌릉로590길 63,37.460463424059554,127.10224697170892,정상,주소
25757680,GS25 S강남구청역점,서울 강남구 학동로 지하 346,37.51720805265924,127.04134035178977,정상,"이름, 주소"
1526103744,세븐일레븐 청담2점,서울 강남구 선릉로132길 7,37.5181701868236,127.041731136316,정상,"이름, 주소, 좌표"
16905013,GS25 역삼태극점,서울 강남구 테헤란로4길 46,37.495222257473024,127.03073693130702,정상,주소
442095324,세븐일레븐 역삼GFC점,서울 강남구 테헤란로 152,37.5000256817836,127.03650986523,정상,주소
924841391,GS25 강남힐즈점,서울 강남구 자곡로7길 32-2,37.4732845056998,127.097268785263,정상,"주소, 좌표"
199006394,GS25 현대강남대로사옥점,서울 강남구 강남대로 350,37.4939943580167,127.030064729557,정상,주소
11208537,CU 역삼에클라트점,서울 강남구 테헤란로20길 19,37.498406171604174,127.03485800344346,정상,주소
333595015,CU 강남스타일점,서울 강남구 역삼로 109,37.493692305376065,127.03089913966119,정상,주소
1348426605,세븐일레븐 강남파이낸스점,서울 강남구 테헤란로 152,37.5000256817836,127.03650986523,정상,"이름, 주소"
18116894,세븐일레븐 역삼창조점,서울 강남구 논현로85길 13,37.49911394172,127.036256103578,정상,"이름, 주소, 좌표"
1777752716,GS25 역삼아워홈점,서울 강남구 역삼로3길 10,37.4942570430873,127.031631006112,정상,"주소, 좌표"
1649155687,세븐일레븐 역삼태극점,서울 강남구 강남대로78길 8,37.4946962383426,127.030080842338,정상,주소
13122320,세븐일레븐 역삼특허점,서울 강남구 테헤란로8길 46,37.4958786691295,127.032319237123,정상,"이름, 주소"
1932269123,세븐일레븐 역삼만남점,서울 강남구 테헤란로6길 47,37.4956048978804,127.031822684823,정상,"이름, 주소, 좌표"
191751692,CU 역삼센타점,서울 강남구 역삼로9길 28,37.4959611400576,127.033825545228,정상,"주소, 좌표"
15823720,CU 청담오션점,서울 강남구 학동로63길 8,37.5185401817088,127.045047950014,정상,주소
12296456,GS25 청담중앙점,서울 강남구 선릉로148길 32,37.5226317933828,127.042181591302,정상,"주소, 좌표"
27498654,GS25 청담미래점,서울 강남구 도산대로61길 10,37.5245416195418,127.043010753625,정상,주소
13148914,CU 청담노아점,서울 강남구 압구정로80길 26,37.5247933041965,127.044617301908,정상,"주소, 좌표"
19661857,GS25 청담여신점,서울 강남구 도산대로75길 8,37.5247818920911,127.046178447846,정상,"이름, 주소, 좌표"
19200305,CU 청담강변점,서울 강남구 압구정로79길 25,37.5253393134778,127.049151791346,정상,"이름, 주소, 좌표"
1432900335,세븐일레븐 뉴청담그린점,서울 강남구 도산대로81길 45,37.5270370962263,127.046188888421,정상,"이름, 주소, 좌표"
12296396,GS25 청담칼릭스점,서울 강남구 도산대로89길 12,37.5252773508053,127.0507932344315,정상,주소
1420193452,CU 청담럭키점,서울 강남구 도산대로85길 35,37.5268321383604,127.049476322894,정상,주소
10956037,CU 청담영동점,서울 강남구 도산대로101길 3,37.5253017699133,127.052640627831,정상,"이름, 주소, 좌표"
1303721377,CU 청담현대점,서울 강남구 도산대로101길 29,37.5268939567062,127.05237928457,정상,주소
7957121,세븐일레븐 논현11호점,서울 강남구 선릉로131길 4,37.51791830640749,127.04058173089285,정상,주소
16904758,CU 논현골드점,서울 강남구 선릉로131길 9,37.5174751843265,127.040079255973,정상,"이름, 주소, 좌표"
1417201306,GS25 청담영동점,서울 강남구 선릉로 714,37.518628161337,127.040974633807,정상,"주소, 좌표"
597839579,이마트24 청담본점,서울 강남구 도산대로57길 22,37.5250538465442,127.04173497038,정상,"이름, 주소, 좌표"
19205466,CU 논현대승점,서울 강남구 학동로43길 37,37.5185571587401,127.037740562395,정상,"주소, 좌표"
809508071,세븐일레븐 청담유시어터점,서울 강남구 도산대로58길 17,37.5220833189639,127.041514988426,정상,"주소, 좌표"
14680277,세븐일레븐 강남청담점,서울 강남구 학동로82길 21,37.5176363374894,127.051965594724,정상,"이름, 주소, 좌표"
12296286,GS25 청담진흥점,서울 강남구 학동로88길 5,37.5189775464775,127.05283301055577,정상,주소
1201915346,GS25 청담메트로점,서울 강남구 학동로 지하 508,37.5194582603151,127.05376771217,정상,주소
17056604,GS25 S청담역점,서울 강남구 학동로 지하 508,37.51906463869022,127.05148356974766,정상,"이름, 주소"
347593720,세븐일레븐 청담튼튼병원점,서울 강남구 학동로97길 20,37.52102883965089,127.05543285406843,정상,"이름, 주소"
273709977,이마트24 청담리테일점,서울 강남구 영동대로137길 3,37.52179383262939,127.05534405325604,정상,"이름, 주소, 좌표"
19204709,CU 청담진흥점,서울 강남구 삼성로134길 8,37.52009405608278,127.05038927610916,정상,주소
19200908,CU 청담청아점,서울 강남구 학동로 431,37.51872099101474,127.04807509260671,정상,주소
25757646,GS25 청담우리본점,서울 강남구 학동로77길 18,37.5198613206876,127.048903859533,정상,"주소, 좌표"
782059720,이마트24 영동대로점,서울 강남구 영동대로 732,37.52330460638292,127.05578522459078,정상,"이름, 주소"
55560569,GS25 청담골프존점,서울 강남구 영동대로141길 5,37.5231566457239,127.054272639172,정상,주소
16850952,CU 청담자이점,서울 강남구 영동대로142길 8,37.5239667513851,127.055979162686,정상,"주소, 좌표"
1544410970,GS25 청담빌리지점,서울 강남구 삼성로147길 34,37.5208173325602,127.046556091047,정상,주소
8377919,세븐일레븐 청담7호점,서울 강남구 도산대로96길 13,37.5237383608833,127.050974322996,정상,"주소, 좌표"
19205525,CU 청담삼환점,서울 강남구 학동로77길 49,37.5221792299244,127.047606719442,정상,"이름, 주소"
1128502110,CU 청담카운티점,서울 강남구 도산대로90길 17,37.52334994605,127.049041886371,정상,주소
16935361,GS25 청담타운점,서울 강남구 삼성로145길 16,37.522555211466575,127.04694857871246,정상,"주소, 좌표"
27260244,이마트24 청담하나점,서울 강남구 도산대로78길 31,37.5221616977831,127.046380454409,정상,"이름, 주소, 좌표"
21195102,GS25 청담사거리점,서울 강남구 도산대로 510,37.524081591259005,127.04896657090327,정상,주소
1969508906,이마트24 R뉴청담본점,서울 강남구 도산대로66길 43,37.5206507673605,127.043888599741,정상,"이름, 주소, 좌표"
19429396,세븐일레븐 청담황해점,서울 강남구 삼성로149길 32,37.52320925452216,127.04484826407784,정상,"이름, 주소"
9631457,CU 청담경원점,서울 강남구 도산대로 446,37.52359309051467,127.04482473754615,정상,주소
884002088,이마트24 논현소망점,서울 강남구 언주로148길 14,37.520133562255815,127.03598120924721,정상,"이름, 주소"
26775569,CU 강남소망점,서울 강남구 언주로159길 10,37.5245126587885,127.032078181788,정상,"주소, 좌표"
273064440,CU 압구정로데오점,서울 강남구 언주로172길 59,37.5269830379577,127.038658900007,정상,"이름, 주소, 좌표"
27459003,미쓰앤바운즈,서울 강남구 언주로147길 5,37.5198521523954,127.033940397066,폐업,없음
2112012194,GS25 신사후레시점,서울 강남구 언주로151길 11,37.521963647626,127.032353109982,정상,주소
2050052359,세븐일레븐 압구정로데오현대점,서울 강남구 압구정로50길 28,37.526648301845896,127.0373011692965,정상,"이름, 주소"
12296480,GS25 논현학동점,서울 강남구 논현로146길 11,37.5182350199015,127.02998961443,정상,"이름, 주소"
20038172,GS25 압구정신사점,서울 강남구 도산대로33길 8,37.5212118737863,127.030226098835,정상,주소
683933059,세븐일레븐 압구정가은점,서울 강남구 선릉로153길 18,37.5248767126957,127.037988100329,정상,"이름, 주소, 좌표"
1572280860,GS25 신사베스트점,서울 강남구 논현로158길 7,37.5221816448309,127.029062453465,정상,"주소, 좌표"
17317628,GS25 로데오점,서울 강남구 선릉로161길 31,37.52752657534465,127.0379396663455,정상,"이름, 주소"
7949812,세븐일레븐 압구정로데오점,서울 강남구 압구정로 344,37.52775390750074,127.03982681490542,정상,"이름, 주소"
9631458,CU 청담보람점,서울 강남구 선릉로 844,37.5271769483758,127.040758704543,정상,"이름, 주소"
7950831,세븐일레븐 리갈펠리스점,서울 강남구 도산대로35길 46,37.5237453669077,127.030715822853,정상,"주소, 좌표"
13063386,CU 신사세화점,서울 강남구 언주로168길 15,37.526411170473,127.034902706387,정상,"주소, 좌표"
7956319,세븐일레븐 압구정칼릭스점,서울 강남구 논현로164길 38,37.5226460110351,127.031222166736,정상,주소
17052962,CU 신사중앙점,서울 강남구 논현로152길 38,37.521575603171,127.03128506911,정상,주소
1940296580,세븐일레븐 모두스테이명동1호점,서울 강남구 선릉로155길 27,37.5256319702318,127.037305188387,폐업,없음
19635434,CU 압구정거리점,서울 강남구 도산대로49길 36,37.5253112434833,127.037210001318,정상,"이름, 주소, 좌표"
1105973068,이마트24 도산대로점,서울 강남구 도산대로 309,37.522349367838835,127.03518588499499,정상,"이름, 주소"
292566656,이마트24 논현청학점,서울 강남구 도산대로 232,37.5202742922191,127.032261884384,정상,주소
13056387,세븐일레븐 논현타운점,서울 강남구 언주로147길 37,37.519123087695625,127.03122974828698,정상,"이름, 주소"
216415230,세븐일레븐 뉴압구정로데오본점,서울 강남구 선릉로157길 14,37.5261486549359,127.038827031754,정상,주소
681929205,GS25 강남나누리점,서울 강남구 언주로147길 10,37.5199892545018,127.033415583398,정상,"이름, 주소, 좌표"
1810689260,세븐일레븐 신사제일점,서울 강남구 논현로 808,37.5209086846255,127.028418300279,정상,"이름, 주소, 좌표"
1741992409,GS25 강남로데오점,서울 강남구 압구정로54길 16,37.52679540996708,127.03932400789188,정상,"이름, 주소, 좌표"
12296344,GS25 신사진주점,서울 강남구 도산대로53길 10,37.5237539072219,127.038471707985,정상,"주소, 좌표"
7950318,세븐일레븐 논현6호점,서울 강남구 도산대로46길 11,37.52136866620037,127.036538361898,정상,주소
894075272,GS25 논현77점,서울 강남구 학동로33길 46,37.5177406752762,127.032247219626,정상,"주소, 좌표"
2111215299,IGA마트 논현보전점,서울 강남구 언주로 725,37.5192969865325,127.03445144228,정상,주소
18829169,세븐일레븐 강남학동점,서울 강남구 언주로150길 51,37.5221789947406,127.038348726381,정상,"이름, 주소, 좌표"
1395458739,카페스토리웨이,서울 강남구 압구정로 지하 402,37.526593266868,127.040269666468,정상,주소
155109922,이마트24 self위워크디자이너클럽점,서울 강남구 선릉로 818,37.5247787530209,127.03996211693715,폐업,없음
16502846,CU 논현한진점,서울 강남구 도산대로46길 21,37.5210151868457,127.037452209838,정상,주소
812608825,GS25 청담88점,서울 강남구 도산대로55길 22,37.52497223568791,127.04064437775614,폐업,없음
927744303,GS25 청담센터점,서울 강남구 선릉로158길 9,37.5256235569972,127.04094338978,정상,주소
12332981,세븐일레븐 논현디네로점,서울 강남구 논현로150길 15,37.519466757225395,127.02972880251939,정상,"이름, 주소, 좌표"
2021898879,세븐일레븐 논현행운점,서울 강남구 선릉로129길 5,37.5162404792181,127.041041196772,정상,주소
10555131,세븐일레븐 논현중앙점,서울 강남구 선릉로129길 20,37.5161021241513,127.039874916611,정상,"이름, 주소, 좌표"
248580013,GS25 논현은선점,서울 강남구 선릉로127길 12,37.5155576387417,127.040693565653,정상,"주소, 좌표"
1934392331,GS25 논현강남점,서울 강남구 선릉로131길 25,37.5171638301445,127.038903819294,정상,주소
7956194,세븐일레븐 논현13호점,서울 강남구 학동로43길 14,37.51697326895568,127.03750787850706,정상,"이름, 주소"
148516210,GS25 논현보람점,서울 강남구 선릉로121길 15,37.513672624832,127.041022824065,정상,"주소, 좌표"
12296482,GS25 논현파라곤점,서울 강남구 언주로130길 18,37.51500652966133,127.03702729822676,정상,"이름, 주소"
391804142,GS25 논현프리미엄점,서울 강남구 언주로116길 24,37.5110559702768,127.038764921406,정상,"주소, 좌표"
1520516558,GS25 논현아크로점,서울 강남구 언주로114길 9,37.5100442801448,127.038342517425,정상,"이름, 주소"
12296497,GS25 논현동우점,서울 강남구 봉은사로37길 13,37.5092195461977,127.036491721939,정상,"이름, 주소, 좌표"
1845142548,CU 논현제일점,서울 강남구 봉은사로33길 6,37.5084556786535,127.035889645477,정상,"주소, 좌표"
10477482,세븐일레븐 역삼해피점,서울 강남구 언주로107길 29,37.50723000136555,127.0368979153338,정상,"주소, 좌표"
26896119,CU 역삼사랑점,서울 강남구 언주로104길 6,37.50703048844,127.040824656754,정상,"주소, 좌표"
12296340,GS25 역삼제일점,서울 강남구 언주로108길 6,37.5078632632532,127.040105784884,정상,주소
16054661,CU 역삼경복점,서울 강남구 봉은사로44길 5,37.50870649409675,127.0404274478213,정상,"주소, 좌표"
1303610074,세븐일레븐 역삼칼리도점,서울 강남구 언주로103길 10,37.5067616137066,127.039273911893,정상,"이름, 주소, 좌표"
38289718,CU 역삼황제시티점,서울 강남구 언주로 557,37.50749786447427,127.03888183739734,정상,주소
16961252,CU 논현경복점,서울 강남구 봉은사로43길 14,37.5101735032218,127.039917004589,정상,"주소, 좌표"
1820324235,CU 논현성원점,서울 강남구 선릉로115길 27,37.5116616670313,127.040781936157,정상,"주소, 좌표"
1754436044,CU 논현센터점,서울 강남구 논현로136길 10,37.5158579527288,127.030843801565,정상,주소
2039220842,CU 논현세관사거리점,서울 강남구 언주로130길 10,37.5148004196703,127.036319115623,정상,"주소, 좌표"
1547709184,스피드박스,서울 강남구 논현로118길 21,37.51033646080276,127.03459775343579,정상,"이름, 주소"
25662509,GS25 학동제일점,서울 강남구 학동로33길 7,37.515228596969784,127.03254023143624,정상,"이름, 주소"
15757014,세븐일레븐 논현4호점,서울 강남구 논현로 720,37.5163897788038,127.029934581112,정상,"주소, 좌표"
12296539,GS25 논현동부점,서울 강남구 학동로30길 49,37.511059459526315,127.03322836985721,정상,주소
16447065,CU 학동역점,서울 강남구 학동로 224,37.514446307521574,127.03332262274746,정상,주소
12296507,GS25 논현진실점,서울 강남구 언주로121길 8,37.5116896606473,127.03496710767995,정상,"주소, 좌표"
1090064088,세븐일레븐 논현건설회관점,서울 강남구 학동로37길 23,37.51678682157844,127.03434735368069,정상,"이름, 주소, 좌표"
567987869,세븐일레븐 논현힐탑점,서울 강남구 논현로 639,37.5105705407568,127.03204619999,정상,"이름, 주소"
1282900508,GS25 학동행복점,서울 강남구 학동로30길 14,37.513182587672254,127.0319149786598,정상,"이름, 주소, 좌표"
17056632,GS25 S학동역점,서울 강남구 학동로 지하 180,37.5142926628817,127.03177293127364,정상,"주소, 좌표"
16062474,CU 논현세원점,서울 강남구 언주로125길 7,37.5129106247847,127.034615908012,정상,"이름, 주소, 좌표"
1492226242,세븐일레븐 강남YMCA점,서울 강남구 봉은사로37길 28,37.51008288045113,127.03593114229199,정상,"이름, 주소"
743000973,세븐일레븐 강남인텔렉스점,서울 강남구 언주로 620,37.5116234815728,127.036311920827,정상,"이름, 주소, 좌표"
1315450428,CU 신사강남점,서울 강남구 논현로151길 7,37.52028903023476,127.0274214760227,정상,주소
1495181738,세븐일레븐 세관사거리점,서울 강남구 언주로 708,37.5162295938164,127.035721434633,정상,"이름, 주소, 좌표"
1954960093,CU 논현두산위브점,서울 강남구 언주로122길 28,37.51192927502581,127.03805279511255,정상,"이름, 주소"
12296490,GS25 논현한영점,서울 강남구 논현로114길 11,37.5087805134374,127.034297312715,정상,"주소, 좌표"
23787615,CU 역삼황제펭귄점,서울 강남구 논현로106길 31,37.5067902982726,127.036938414866,정상,"주소, 좌표"
7957122,세븐일레븐 논현제일점,서울 강남구 선릉로 641,37.5136901527131,127.042416352152,정상,"이름, 주소"
84013926,CU 삼성힐스테이트점,서울 강남구 봉은사로 471,37.5127532185633,127.051230394696,정상,"주소, 좌표"
2126264503,GS25 삼성본점,서울 강남구 삼성로111길 7,37.51325449778041,127.05255072642868,정상,"주소, 좌표"
932921847,GS25 삼성센트럴점,서울 강남구 삼성로115길 16-1,37.5146383830448,127.05061748679341,정상,주소
1341138170,GS25 역삼제스트점,서울 강남구 테헤란로53길 48,37.50683804787593,127.04476495343634,정상,"주소, 좌표"
25757500,GS25 삼성봉은점,서울 강남구 봉은사로71길 6,37.5126707676678,127.050202180028,정상,"이름, 주소, 좌표"
16080218,CU 역삼삼부자점,서울 강남구 테헤란로51길 43,37.5057282414019,127.044149036266,정상,"주소, 좌표"
346771592,세븐일레븐 강남언주로점,서울 강남구 테헤란로53길 62,37.5074150421029,127.043828823375,정상,"이름, 주소, 좌표"
8381647,세븐일레븐 삼성8호점,서울 강남구 봉은사로63길 11,37.5121171014076,127.046912631732,정상,"이름, 주소"
18118078,세븐일레븐 선릉스타점,서울 강남구 봉은사로50길 19,37.5089036304697,127.043481336336,정상,"이름, 주소, 좌표"
1641990224,CU 강남CC점,서울 강남구 봉은사로 439,37.511730201435135,127.04783308305733,정상,"주소, 좌표"
17056571,GS25 삼성그린점,서울 강남구 삼성로107길 31,37.5107852826981,127.051558187758,정상,"이름, 주소, 좌표"
2127025896,이마트24 선정릉역로또점,서울 강남구 선릉로 578,37.5100972103947,127.044158395659,정상,"이름, 주소, 좌표"
27498642,GS25 강남역삼점,서울 강남구 봉은사로48길 32,37.5074120731118,127.042082545386,정상,"주소, 좌표"
206515562,CU 역삼목화점,서울 강남구 선릉로107길 17,37.5089110945517,127.042780101724,정상,"주소, 좌표"
1397501365,세븐일레븐 삼성플러스원점,서울 강남구 봉은사로57길 13,37.5116097003826,127.044944250165,정상,"이름, 주소, 좌표"
16418012,세븐일레븐 역삼우일점,서울 강남구 봉은사로44길 39,37.50683568054612,127.04137308530295,정상,"이름, 주소, 좌표"
1933819401,CU 논현행복점,서울 강남구 학동로24길 11,37.512519290684644,127.02903495371172,정상,"주소, 좌표"
2028562496,스토리웨이,서울 강남구 선릉로 지하 580,37.5108533454971,127.043640815696,정상,주소
1937670139,세븐일레븐 역삼선릉로점,서울 강남구 봉은사로48길 13,37.5086844312492,127.041689662211,정상,"이름, 주소, 좌표"
949811023,세븐일레븐 선정릉점,서울 강남구 봉은사로 333,37.5105373059578,127.043060400434,정상,"이름, 주소, 좌표"
1206372195,GS25 논현성암점,서울 강남구 선릉로 605,37.51086606119629,127.0433648444472,정상,"주소, 좌표"
12296471,GS25 삼성한울점,서울 강남구 삼성로119길 37,37.515309613440266,127.04851178151266,정상,"이름, 주소"
19206152,CU 논현선정릉점,서울 강남구 봉은사로49길 7,37.510456612837956,127.04195644549748,정상,주소
16081748,GS25 삼성언주점,서울 강남구 선릉로120길 8,37.5137618929837,127.043352946658,정상,"이름, 주소, 좌표"
1450679660,TJ움직이는편의점 본점,서울 강남구 논현로102길 54,37.506071368500606,127.03949974783907,정상,"주소, 좌표"
2072665872,CU 청담블루밍점,서울 강남구 삼성로120길 7,37.5167424566321,127.052159532454,정상,"주소, 좌표"
12296410,GS25 삼성으뜸점,서울 강남구 선릉로116길 8,37.5124750841594,127.043827257764,정상,"주소, 좌표"
19204279,CU 삼성럭키점,서울 강남구 봉은사로59길 32,37.5130872328757,127.045243744856,정상,"주소, 좌표"
1813179232,CU 강남삼성점,서울 강남구 선릉로126길 14,37.515302649851634,127.04324298747399,정상,"이름, 주소, 좌표"
10556655,세븐일레븐 삼성10호점,서울 강남구 삼성로115길 46,37.5140085587237,127.048524512652,정상,"이름, 주소"
696185412,GS25 논현정노점,서울 강남구 봉은사로25길 37,37.5095416758275,127.031741510347,정상,"주소, 좌표"
20037899,GS25 논현하니점,서울 강남구 논현로131길 31,37.5137557680028,127.027788956431,정상,"이름, 주소, 좌표"
1429169940,GS25 S9삼성중앙역점,서울 강남구 봉은사로 지하 501,37.5129830853786,127.053021070384,정상,주소
1741377605,CU 삼성아이파크점,서울 강남구 삼성로119길 14,37.5160368689253,127.050317548618,정상,"이름, 주소, 좌표"
7950381,세븐일레븐 삼성동래미안점,서울 강남구 선릉로130길 20,37.51657869357773,127.04263064249996,정상,주소
27260302,이마트24 삼성119점,서울 강남구 봉은사로 478,37.51264445776758,127.05268602913092,정상,"이름, 주소"
27498652,GS25 삼성제일점,서울 강남구 봉은사로82길 16,37.51205591411848,127.05507332099943,정상,"이름, 주소"
17056593,GS25 논현행운점,서울 강남구 강남대로150길 11,37.5160241280599,127.020817463202,정상,주소
7949987,세븐일레븐 역삼8호점,서울 강남구 강남대로102길 11,37.5019456390158,127.026735079946,정상,"이름, 주소, 좌표"
728052431,세븐일레븐 삼성베스트점,서울 강남구 삼성로104길 12,37.5108554643646,127.055738633216,정상,"이름, 주소, 좌표"
12296281,GS25 강남타운점,서울 강남구 테헤란로 115,37.498939127552134,127.0298869019654,정상,주소
249993495,세븐일레븐 과학기술회관점,서울 강남구 테헤란로7길 22,37.5007229012645,127.030738055042,정상,"이름, 주소"
1444744871,이마트24 역삼승리점,서울 강남구 강남대로94길 55,37.5005388523396,127.031660797502,정상,"이름, 주소, 좌표"
1328866196,세븐일레븐 역삼하이츠점,서울 강남구 테헤란로25길 6-9,37.5013052766039,127.035967648667,정상,"이름, 주소"
20038195,GS25 역삼테헤란점,서울 강남구 테헤란로33길 7,37.5023133392762,127.039306640659,정상,"주소, 좌표"
616448319,세븐일레븐 역삼태광점,서울 강남구 테헤란로34길 7,37.5011209784882,127.040286517219,정상,"이름, 주소"
16557423,CU 역삼신웅점,서울 강남구 테헤란로 216,37.50146701933633,127.04012611274631,정상,주소
42784605,GS25 역삼스타점,서울 강남구 논현로85길 5,37.4990785611254,127.03703413346449,정상,주소
26926160,GS25 역삼캐피탈점,서울 강남구 논현로87길 23,37.4993774334937,127.034935355229,정상,"주소, 좌표"
25757501,GS25 삼성승리점,서울 강남구 테헤란로63길 17,37.50640344112629,127.05005773976524,정상,"이름, 주소"
220755853,CU BGF사옥점,서울 강남구 테헤란로63길 9,37.50579790106871,127.05021001822244,정상,주소
216407771,세븐일레븐 뉴선릉오성점,서울 강남구 선릉로94길 3,37.5058768856101,127.048785030338,정상,"주소, 좌표"
2023829447,CU 논현역드림점,서울 강남구 강남대로 570,37.51278950539881,127.02092288714255,정상,주소
16330125,세븐일레븐 논현학나래점,서울 강남구 강남대로136길 7,37.5131660387766,127.021404838648,정상,"주소, 좌표"
19207895,CU 신사렉스점,서울 강남구 강남대로 588,37.5143951851424,127.020405285467,정상,주소
566232569,CU 신사성환점,서울 강남구 강남대로152길 14,37.5170873455715,127.020627724677,정상,주소
641817846,이마트24 R신사케이타워점,서울 강남구 도산대로 119,37.51727822617327,127.02137094729237,정상,"이름, 주소"
16677352,그린편의점,서울 강남구 강남대로 616,37.5168676431842,127.019795137294,정상,이름
16620878,CU 선릉제일점,서울 강남구 선릉로93길 8,37.50550791791648,127.04769678826446,정상,주소
12296463,GS25 역삼사랑점,서울 강남구 테헤란로55길 27,37.50595437686006,127.04654007370159,정상,주소
1700559578,CU 삼성메가점,서울 강남구 삼성로103길 7,37.5102228779005,127.053973724367,정상,"주소, 좌표"
8668291,CU 삼성1호점,서울 강남구 테헤란로69길 9,37.5064240529483,127.05239212307,정상,주소
1281092962,선릉24 선릉LG에클라트점,서울 강남구 테헤란로63길 12,37.50604707275579,127.05115795246766,정상,주소
12296470,GS25 신사현대점,서울 강남구 강남대로152길 5,37.5171811557932,127.020012401949,정상,"이름, 주소, 좌표"
775130883,세븐일레븐 논현한바위점,서울 강남구 강남대로118길 30,37.5068473210905,127.025778871349,정상,"이름, 주소, 좌표"
835041943,세븐일레븐 선릉LG에클라트점,서울 강남구 테헤란로63길 12,37.506047132920095,127.05101884106963,정상,"이름, 주소"
12296338,GS25 역삼혜성점,서울 강남구 테헤란로34길 17,37.5004568159828,127.040640133035,정상,"주소, 좌표"
1676801073,GS25 역삼센트럴점,서울 강남구 언주로85길 32,37.50075597167364,127.04057696434992,정상,주소
675337029,GS25 역삼프레시점,서울 강남구 테헤란로38길 39,37.5000991870697,127.042986551794,정상,주소
13056365,세븐일레븐 역삼래미안점,서울 강남구 언주로 314,37.495777613940426,127.04628836708531,정상,"이름, 주소"
12296275,GS25 역삼2점,서울 강남구 역삼로14길 7,37.49401085242885,127.03555819100714,정상,주소
1442983680,세븐일레븐 역삼은석점,서울 강남구 언주로79길 33,37.4986473273717,127.041412671381,정상,"주소, 좌표"
12296461,GS25 역삼햇살점,서울 강남구 논현로 412,37.4968893523548,127.039095721365,정상,"이름, 주소"
785838134,이마트24 역삼서희점,서울 강남구 도곡로3길 19,37.4913591186939,127.032679134772,정상,"이름, 주소"
991765747,CU 역삼우리점,서울 강남구 역삼로19길 14,37.4960934289896,127.037344770403,정상,"주소, 좌표"
17051104,CU 역삼푸르지오점,서울 강남구 언주로70길 10,37.4969479879745,127.046373903216,정상,"주소, 좌표"
1362861518,세븐일레븐 역삼스타공원점,서울 강남구 논현로79길 25,37.4973642312948,127.036112769741,정상,"주소, 좌표"
20038194,GS25 역삼성우점,서울 강남구 역삼로4길 16,37.4924116747248,127.032023739935,정상,"이름, 주소, 좌표"
18116890,세븐일레븐 역삼명랑점,서울 강남구 논현로 425,37.49801326697141,127.03799371276303,정상,"이름, 주소"
283307143,GS25 강남사랑점,서울 강남구 역삼로15길 20,37.49616429311888,127.03544386648818,정상,"이름, 주소"
10557066,세븐일레븐 역삼발렌타인점,서울 강남구 강남대로66길 7,37.491865837313604,127.03137896598936,정상,"주소, 좌표"
1391033447,CU 역삼비엘점,서울 강남구 역삼로 106,37.4929444630436,127.030923708953,정상,주소
1038028186,CU 역삼퓨처스점,서울 강남구 역삼로17길 60,37.4985967120248,127.036425484755,정상,주소
14489698,CU 역삼한서점,서울 강남구 논현로80길 9,37.4981903949566,127.039128063967,정상,"주소, 좌표"
17050656,CU 역삼카이로스점,서울 강남구 강남대로66길 8,37.49171981567807,127.03159827453865,정상,"주소, 좌표"
16065230,CU 역삼타운점,서울 강남구 언주로75길 16,37.4987043931801,127.043086400255,정상,주소
27498669,GS25 역삼우리점,서울 강남구 역삼로33길 10,37.49785431454334,127.04177410986142,정상,"주소, 좌표"
25757567,GS25 역삼대로점,서울 강남구 역삼로 213,37.4966005672276,127.04047067819,정상,"이름, 주소"
7956485,세븐일레븐 역삼18호점,서울 강남구 도곡로37길 16,37.4948545289579,127.045133231654,정상,"이름, 주소"
476255839,GS25 연세장례식장 강남점,서울 강남구 언주로 211,37.4928060845251,127.046310279737,정상,주소
1320271004,GS25 역삼아람점,서울 강남구 논현로64길 14,37.4936305359677,127.041373715626,정상,주소
503762723,CU 도곡아이파크점,서울 강남구 도곡로28길 8,37.49207782835031,127.04214404884384,정상,주소
1041565930,GS25 역삼행복점,서울 강남구 언주로67길 34,37.4954139724428,127.042935240687,정상,"주소, 좌표"
826691281,세븐일레븐 역삼세브란스점,서울 강남구 논현로64길 33,37.494058751185,127.043228474575,정상,"주소, 좌표"
26896453,CU 강남세브란스점,서울 강남구 언주로 211,37.4926157822499,127.046791876553,정상,주소
17050611,CU 역삼건화점,서울 강남구 논현로64길 18,37.4934897650762,127.041979745685,정상,주소
1929387960,GS25 역삼자이점,서울 강남구 언주로 408,37.4994498380915,127.044670071532,정상,"주소, 좌표"
12296460,GS25 역삼타운점,서울 강남구 언주로69길 7,37.4964296363216,127.044745169808,정상,"주소, 좌표"
123619130,CU 역삼세명점,서울 강남구 역삼로 230,37.4969316312304,127.041922868076,정상,주소
1966921543,세븐일레븐 역삼화랑점,서울 강남구 역삼로20길 9,37.4947147847182,127.037672020699,정상,"이름, 주소, 좌표"
25757570,GS25 역삼하나점,서울 강남구 도곡로13길 19,37.4928683623356,127.035601750131,정상,주소
21418428,베스토아,서울 강남구 역삼로 166,37.4950338823308,127.03722663740191,정상,"이름, 주소"
1791599041,CU 역삼제이점,서울 강남구 역삼로 152,37.4946729747209,127.035947505566,정상,주소
42646714,CU 역삼e편한점,서울 강남구 논현로72길 33,37.4965351751658,127.041959964302,정상,"주소, 좌표"
1271063018,GS25 역삼싱아점,서울 강남구 논현로72길 13,37.4958869126473,127.040637656528,정상,주소
441658144,베스트조이,서울 강남구 역삼로 115,37.4938262872878,127.031907871201,폐업,없음
15925432,CU 역삼푸른점,서울 강남구 도곡로1길 7,37.4904510077449,127.032298806412,정상,"주소, 좌표"
9630122,CU 역삼경남점,서울 강남구 언주로85길 13,37.50091034980289,127.0422734126902,정상,주소
12296282,GS25 역삼넥스빌점,서울 강남구 언주로86길 11,37.5019889818226,127.0443809361817,정상,"이름, 주소"
12296276,GS25 뉴역삼월드점,서울 강남구 역삼로52길 14,37.49836547521999,127.04811632182607,정상,주소
970543555,이마트24 위워크마켓 선릉1호,서울 강남구 테헤란로 302,37.5024308122207,127.043473058673,폐업,없음
16905222,세븐일레븐 역삼개나리점,서울 강남구 역삼로 306,37.499272977555385,127.04764984855635,정상,"이름, 주소"
954181334,GS25 뉴역삼아르누보점,서울 강남구 언주로 506,37.5034176379627,127.042858395312,정상,주소
68821378,CU 한티래미안점,서울 강남구 선릉로63길 13,37.4970658663037,127.05111337625,폐업,없음
426095870,이마트24 self신세계프라퍼티점,서울 강남구 테헤란로 231,37.5028820751076,127.041356201384,정상,주소
128285299,이마트24 R센터필드점,서울 강남구 테헤란로 231,37.5028820751076,127.041356201384,정상,"이름, 주소"
1984726358,GS25 대치한티점,서울 강남구 선릉로62길 7,37.49736495779092,127.05324976775445,정상,"주소, 좌표"
25757568,GS25 역삼르네상스점,서울 강남구 테헤란로38길 6,37.5016387048654,127.041305755074,정상,"이름, 주소, 좌표"
1035363644,GS25 DXLAB점,서울 강남구 테헤란로 223,37.502382247994106,127.04069093763857,정상,"주소, 좌표"
11132387,세븐일레븐 르네상스점,서울 강남구 테헤란로37길 15,37.50311666064315,127.04041990985162,정상,주소
1249350686,세븐일레븐 역삼언주로점,서울 강남구 언주로85길 24,37.5009251194227,127.0412736965,정상,"이름, 주소"
18115816,세븐일레븐 도곡렉슬점,서울 강남구 선릉로 225,37.4953451370164,127.052723630415,정상,"이름, 주소, 좌표"
18117492,세븐일레븐 대치아이파크점,서울 강남구 선릉로 224,37.4952798696652,127.053601104662,정상,"이름, 주소"
124832938,GS25 도곡렉슬점,서울 강남구 선릉로 225,37.49538296464003,127.05275645097481,정상,주소
56545361,세븐일레븐 강남SLI점,서울 강남구 선릉로69길 7,37.49844887101222,127.05120591958068,정상,"이름, 주소, 좌표"
19207904,CU 역삼형지점,서울 강남구 논현로 327,37.4944528512203,127.039632718007,정상,"주소, 좌표"
27379396,홈웨이 역삼점,서울 강남구 논현로63길 16,37.4930006000015,127.039116310109,폐업,없음
1295501213,CU 도곡럭키점,서울 강남구 도곡로18길 11,37.4905320909463,127.03835063353,정상,"주소, 좌표"
8444600,세븐일레븐 도곡2호점,서울 강남구 남부순환로365길 38,37.4877384491159,127.039914109759,정상,"이름, 주소"
13098944,GS25 역삼블루점,서울 강남구 도곡로21길 18,37.49325118583355,127.03879529519024,정상,"주소, 좌표"
12296550,GS25 도곡신호점,서울 강남구 도곡로 184,37.4917785864748,127.039857459378,정상,주소
8004388,GS25 역삼대홍점,서울 강남구 논현로63길 19,37.4924707448186,127.039306005264,정상,"이름, 주소, 좌표"
1321004767,세븐일레븐 강남도곡로점,서울 강남구 논현로57길 24,37.4912706708271,127.039101838789,정상,"이름, 주소, 좌표"
1583182899,이마트24 R역삼윤이점,서울 강남구 논현로63길 7,37.4931734063028,127.03967727366124,정상,"이름, 주소, 좌표"
35107203,GS25 도곡대박점,서울 강남구 도곡로 132,37.4902953298488,127.034780735275,정상,"주소, 좌표"
16648901,금화매점,서울 강남구 강남대로 262,37.4869799859223,127.03351846784,정상,주소
2048323631,세븐일레븐 도곡공원점,서울 강남구 도곡로4길 5,37.4895821309265,127.033397510693,정상,"주소, 좌표"
12296548,GS25 도곡푸른점,서울 강남구 강남대로 272,37.4876469046843,127.032903659618,정상,"이름, 주소"
8370888,세븐일레븐 역삼15호점,서울 강남구 강남대로62길 18,37.4904570963859,127.03308807412475,정상,"주소, 좌표"
19429620,세븐일레븐 강남도곡점,서울 강남구 남부순환로361길 6,37.48562451891747,127.03767310916744,정상,"이름, 주소"
2007289253,GS25 도곡센터점,서울 강남구 남부순환로359길 6,37.4855192979748,127.037050052842,정상,"주소, 좌표"
1909878984,GS25 도곡더써밋타워점,서울 강남구 강남대로42길 19,37.4856197446289,127.03563675325,정상,"주소, 좌표"
16472787,CU 양재디오빌점,서울 강남구 강남대로 256,37.48638170376551,127.03356342817388,정상,주소
1706609319,GS25 한티역점,서울 강남구 도곡로 325,37.4961709917069,127.05151647564,정상,"주소, 좌표"
491696126,CU SPC2023점,서울 강남구 논현로 201,37.4860613342449,127.040904829106,정상,주소
314911397,세븐일레븐 도곡비전점,서울 강남구 언주로30길 10,37.48733750210083,127.05154885305375,정상,"이름, 주소"
1143120202,GS25 도곡래미안점,서울 강남구 언주로 202,37.48915342210306,127.05064890703471,정상,주소
12296287,GS25 삼성터미널점,서울 강남구 테헤란로81길 26,37.508724999212134,127.0567685463076,정상,"이름, 주소, 좌표"
194811533,CU 개포우성점,서울 강남구 언주로 117,37.4864504853018,127.050445819047,정상,주소
1138614190,GS25 도곡아카데미점,서울 강남구 언주로30길 21,37.4888374924582,127.05197729888714,정상,주소
9484891,CU 도곡우성점,서울 강남구 언주로 118,37.486850808445,127.051889989386,정상,주소
1352554072,GS25 개포포레스트점,서울 강남구 개포로 264,37.4802649428951,127.05277973840812,정상,주소
10395443,세븐일레븐 개포현대점,서울 강남구 개포로 265,37.48080453828181,127.05302319838873,정상,"이름, 주소"
62249197,CU 삼성본점,서울 강남구 테헤란로81길 10,37.5079246583156,127.057283683342,정상,"주소, 좌표"
19896757,GS25 도곡STX점,서울 강남구 논현로24길 17,37.4818766943769,127.044388258269,정상,"주소, 좌표"
941797048,세븐일레븐 도곡본점,서울 강남구 논현로34길 34,37.4847057448361,127.044697472984,정상,"이름, 주소, 좌표"
18319006,GS25 도곡럭키본점,서울 강남구 남부순환로365길 56,37.4889456920317,127.040231356345,정상,주소
12296475,GS25 도곡매봉점,서울 강남구 논현로30길 51,37.4851774749969,127.045737972865,정상,"주소, 좌표"
286812815,GS25 도곡으뜸점,서울 강남구 논현로34길 20,37.4845250403126,127.043632280943,정상,"주소, 좌표"
12296352,GS25 도곡점,서울 강남구 남부순환로 2730,37.4857509142431,127.044698095656,정상,"이름, 주소"
13119473,세븐일레븐 매봉점,서울 강남구 논현로28길 56,37.484625804102,127.046388899218,정상,"이름, 주소, 좌표"
17840998,CU 도곡대원점,서울 강남구 논현로28길 30,37.4835668481182,127.044755588225,정상,"이름, 주소, 좌표"
17041949,CU 도곡아크로타워점,서울 강남구 언주로30길 13,37.4880188984662,127.051008839281,정상,주소
679796762,GS25 도곡프레시점,서울 강남구 논현로28길 9,37.4827276272687,127.043363275039,정상,주소
23489897,CU 양재점,서울 강남구 강남대로 238,37.48496497372552,127.03475678137497,정상,"주소, 좌표"
27498661,GS25 도곡양재점,서울 강남구 남부순환로351길 14,37.48573089204608,127.03454796020712,정상,주소
1578372513,세븐일레븐 도곡시네마점,서울 강남구 남부순환로 2747,37.48715754084108,127.04663356569822,정상,"이름, 주소, 좌표"
12296494,GS25 대치명문점,서울 강남구 선릉로90길 56,37.505189905742576,127.05388414677297,정상,주소
332346046,세븐일레븐 테헤란로점,서울 강남구 테헤란로 428,37.5056916288918,127.054183086608,정상,"이름, 주소"
1725320963,이마트24 self위워크선릉2호점,서울 강남구 테헤란로 427,37.50630635166061,127.05366327493537,폐업,없음
2104321865,이마트24 선릉공원점,서울 강남구 테헤란로69길 8,37.5064454684608,127.052860369267,정상,"이름, 주소, 좌표"
10968121,CU 삼성리저브점,서울 강남구 삼성로 517,37.5080912813381,127.05552847054,정상,주소
8000742,GS25 강남동원점,서울 강남구 테헤란로77길 7,37.5069132164195,127.054563985628,정상,"이름, 주소"
2146573479,GS25 뉴삼성스타점,서울 강남구 테헤란로77길 11-16,37.5069426783811,127.053183055086,정상,"이름, 주소, 좌표"
1990820663,이마트24 포스코센터점,서울 강남구 테헤란로 440,37.5057916223857,127.056151070054,정상,"이름, 주소, 좌표"
9613550,CU 대치동부점,서울 강남구 테헤란로78길 8,37.5056478797708,127.055264273083,정상,주소
452683607,이마트24 self위워크삼성1호점,서울 강남구 테헤란로 507,37.5076649537432,127.057725710461,폐업,없음
16793849,CU 강남해성점,서울 강남구 테헤란로 504,37.5065514790489,127.057382161621,정상,"주소, 좌표"
1119231969,GS25 강남쥬비스점,서울 강남구 삼성로 434,37.5056683821046,127.057612205935,정상,주소
18117744,세븐일레븐 대치7호점,서울 강남구 삼성로86길 16,37.5057506837674,127.058811110952,정상,"이름, 주소, 좌표"
9620110,CU 타워팰리스점,서울 강남구 언주로30길 56,37.4886409676633,127.054215997873,정상,주소
1610637749,GS25 역삼띵동점,서울 강남구 언주로98길 7,37.505166636118,127.04245224446,정상,"주소, 좌표"
12296280,GS25 역삼미래점,서울 강남구 테헤란로39길 51,37.505693590432394,127.040260699699,정상,"이름, 주소, 좌표"
12296404,GS25 역삼충현점,서울 강남구 논현로102길 33,37.505770097414,127.037770315825,정상,"주소, 좌표"
16790642,CU 대치한국점,서울 강남구 선릉로86길 7,37.503213791535394,127.05027162056768,정상,주소
452649724,이마트24 self위워크선릉3호점,서울 강남구 선릉로 428,37.5033392043098,127.049863432982,폐업,없음
22875860,CU 선릉SK허브점,서울 강남구 선릉로 431,37.50335837785626,127.04926178205896,정상,주소
12296487,GS25 선릉로즈점,서울 강남구 선릉로90길 16,37.5041290577786,127.050635271899,정상,"주소, 좌표"
16037287,CU 선릉디오빌점,서울 강남구 선릉로89길 16,37.5033760036745,127.04803132327464,정상,주소
12296349,GS25 오크우드점,서울 강남구 테헤란로87길 46,37.5110200821345,127.058159228976,정상,주소
18321258,CU 선릉역점,서울 강남구 테헤란로 403,37.505070163692,127.04955922161,정상,"이름, 주소, 좌표"
22876503,CU 대치금강점,서울 강남구 테헤란로 410,37.5045650976614,127.050744139023,정상,"주소, 좌표"
1824847659,스토리웨이,서울 강남구 테헤란로 지하 340,37.5045045890316,127.048943603309,정상,주소
1823109451,스토리웨이,서울 강남구 테헤란로 지하 340,37.5045045890316,127.048943603309,정상,주소
2145763843,스토리웨이,서울 강남구 테헤란로 지하 340,37.5045045890316,127.048943603309,정상,주소
20279702,세븐일레븐 역삼MG스타점,서울 강남구 테헤란로 335,37.50463642329059,127.04824475235948,정상,"이름, 주소"
16084301,세븐일레븐 대치나인점,서울 강남구 테헤란로64길 14,37.5039774726039,127.051137314028,정상,주소
13059619,CU 삼성한우리점,서울 강남구 삼성로104길 18,37.5109921595415,127.056281644574,정상,"주소, 좌표"
558134189,세븐일레븐 삼성봉은사점,서울 강남구 봉은사로 516,37.5132375987249,127.055993770161,정상,"이름, 주소, 좌표"
1052414806,GS25 코엑스호텔점,서울 강남구 봉은사로 524,37.5128324451279,127.057251239187,정상,주소
218359203,세븐일레븐 삼성예술점,서울 강남구 삼성로100길 8,37.509531717939275,127.05609958164807,정상,"이름, 주소, 좌표"
12296350,GS25 삼성중앙점,서울 강남구 삼성로107길 9,37.5113648417645,127.053110411068,정상,"이름, 주소, 좌표"
16820296,OK편의점,서울 강남구 테헤란로 412,37.5047667020924,127.051255473008,폐업,없음
27498653,GS25 삼성영진점,서울 강남구 테헤란로87길 37,37.5102201859031,127.057760478657,정상,"주소, 좌표"
16765677,동양마트 무역센터점,서울 강남구 테헤란로87길 36,37.5102918966015,127.05851155199,정상,주소
26916386,세븐일레븐 공항타워점,서울 강남구 테헤란로87길 36,37.510340409853335,127.05879548392289,정상,"이름, 주소"
12296412,GS25 무역센타점,서울 강남구 테헤란로87길 25,37.5094703082778,127.058253033805,정상,주소
1604895112,CU 삼성마젤란점,서울 강남구 테헤란로87길 17,37.5086774445845,127.05821170069743,정상,주소
16377757,CU 삼성위브점,서울 강남구 테헤란로83길 14,37.508349728724596,127.05770248630719,정상,주소
32751781,세븐일레븐 삼성페이토점,서울 강남구 테헤란로87길 9,37.50843840852106,127.05875666833094,정상,주소
361022831,EW 현대무역매점,서울 강남구 테헤란로 517,37.5086154002425,127.059765682266,정상,주소
190804564,GS25 파르나스몰점,서울 강남구 테헤란로 521,37.5090473057877,127.060894797078,정상,"이름, 주소, 좌표"
284896708,GS25 그랜드신협점,서울 강남구 테헤란로 521,37.5090473057877,127.060894797078,정상,"주소, 좌표"
76222588,세븐일레븐 삼성역점,서울 강남구 테헤란로 532,37.50819334546962,127.06225472000149,정상,"이름, 주소, 좌표"
16061816,CU 대치메트로칸점,서울 강남구 테헤란로88길 10,37.50700538188846,127.05961284446167,정상,주소
381806652,세븐일레븐 메트로칸점,서울 강남구 테헤란로88길 10,37.5068838351787,127.059436311827,정상,"이름, 주소, 좌표"
17056630,GS25 대치삼성점,서울 강남구 테헤란로98길 8,37.50771154094858,127.06181096303776,정상,"이름, 주소"
2133671289,CU 뉴대치플러스점,서울 강남구 테헤란로84길 13,37.5063480459581,127.058819496507,정상,주소
12296477,GS25 대치대명점,서울 강남구 영동대로85길 17,37.50694452708561,127.06230344696935,정상,"주소, 좌표"
17052892,CU 역삼점,서울 강남구 테헤란로51길 10,37.50468379014726,127.0469679213698,정상,주소
384940326,세븐일레븐 역삼성지점,서울 강남구 테헤란로 313,37.5038014712886,127.045260759879,정상,"이름, 주소"
1276618019,세븐일레븐 강남선릉점,서울 강남구 언주로98길 37,37.5047116590021,127.044808922471,정상,"이름, 주소, 좌표"
19205476,CU 강남시티점,서울 강남구 선릉로93길 50,37.5042684278351,127.044641275415,정상,"주소, 좌표"
12296462,GS25 역삼상록점,서울 강남구 테헤란로43길 12,37.5040488185192,127.044012332456,정상,"이름, 주소"
2003505206,GS25 강남상록회관점,서울 강남구 언주로98길 25,37.504857054260896,127.04392119840107,정상,"주소, 좌표"
26428518,세븐일레븐 KT강남점,서울 강남구 언주로 517,37.5044245867297,127.041384195338,정상,주소
17041956,CU 대치샤인점,서울 강남구 도곡로63길 12,37.4977626581675,127.054444240783,정상,주소
18117591,세븐일레븐 대치마루점,서울 강남구 삼성로71길 13,37.5020137528595,127.057921533436,정상,"이름, 주소, 좌표"
27498655,GS25 대치에이스점,서울 강남구 삼성로71길 41,37.50121299116373,127.0555618275082,정상,"이름, 주소, 좌표"
12149630,세븐일레븐 대치본점,서울 강남구 삼성로 331,37.5011661095928,127.059327735232,정상,"이름, 주소, 좌표"
18117755,세븐일레븐 대치으뜸점,서울 강남구 삼성로76길 16,37.50405906480965,127.05967270440682,정상,"이름, 주소, 좌표"
16473021,CU 대치세정점,서울 강남구 삼성로 348,37.5026798802557,127.059166078146,정상,"주소, 좌표"
12296485,GS25 대치제일점,서울 강남구 선릉로72길 20,37.50039250528007,127.052878719998,정상,"이름, 주소"
1587200632,이마트24 대치휘문점,서울 강남구 역삼로 531,37.5040268052975,127.061089767584,정상,"이름, 주소"
16649613,CU 대치타운점,서울 강남구 삼성로67길 49,37.4999317367029,127.055612899307,정상,"주소, 좌표"
1269536714,세븐일레븐 대치선릉로점,서울 강남구 테헤란로68길 33,37.5032017378368,127.053109151946,정상,"이름, 주소, 좌표"
12296478,GS25 대치사랑점,서울 강남구 역삼로77길 7,37.5029804113552,127.05630729641,정상,"이름, 주소, 좌표"
332214276,세븐일레븐 대치한티점,서울 강남구 도곡로69길 14,37.4982556885044,127.055987105095,정상,"이름, 주소, 좌표"
12296502,GS25 대치중앙점,서울 강남구 역삼로78길 26,37.5007670020423,127.057427494639,정상,"주소, 좌표"
1752984864,GS25 대치타운점,서울 강남구 선릉로76길 25,37.502023475717984,127.05254285406116,정상,주소
810644475,CU 대치메가점,서울 강남구 역삼로73길 13,37.502826919556,127.055076719822,정상,"주소, 좌표"
12149643,세븐일레븐 골드로즈점,서울 강남구 선릉로86길 31,37.504100453307444,127.052182403045,정상,"이름, 주소"
16081479,CU 대치예스점,서울 강남구 선릉로86길 40,37.503861355871244,127.05292640458363,정상,"주소, 좌표"
7949520,세븐일레븐 대치10호점,서울 강남구 역삼로64길 25,37.4995001946887,127.053576979886,정상,"이름, 주소, 좌표"
27498656,GS25 대치타워점,서울 강남구 선릉로90길 36,37.50466449197868,127.052161307258,정상,주소
2057434883,세븐일레븐 대치멤버스점,서울 강남구 삼성로85길 42,37.5045493288314,127.053801125959,정상,"이름, 주소"
1913141356,세븐일레븐 대치역삼로점,서울 강남구 역삼로 428,37.5012840269065,127.053927707328,정상,"이름, 주소, 좌표"
1087365638,GS25 개나리SK점,서울 강남구 역삼로 315,37.5005935725639,127.050492652143,정상,주소
8444599,세븐일레븐 대치16호점,서울 강남구 역삼로63길 16,37.5022037892082,127.052289652247,정상,"이름, 주소, 좌표"
17056611,GS25 대치미래점,서울 강남구 역삼로63길 24,37.502821126584486,127.05195306305828,정상,"주소, 좌표"
25757569,GS25 역삼성보점,서울 강남구 테헤란로52길 16,37.50271859849945,127.04721549647783,정상,"이름, 주소"
16273271,CU 대치타운중앙점,서울 강남구 역삼로69길 28,37.5035076155402,127.054131746498,정상,"주소, 좌표"
10885536,GS25 대치골드점,서울 강남구 선릉로86길 48,37.5041529457677,127.053670781264,정상,주소
8372402,세븐일레븐 한신점,서울 강남구 테헤란로 322,37.5034819644172,127.046676514696,정상,"이름, 주소"
449529224,CU 역삼드림점,서울 강남구 테헤란로44길 7,37.50239964589457,127.04489575345968,정상,"이름, 주소, 좌표"
380950727,이마트24 SMART오피스디포역삼점,서울 강남구 테헤란로 316,37.5030778575249,127.045537403984,정상,주소
7954772,세븐일레븐 대치6호점,서울 강남구 삼성로85길 19,37.5047934975366,127.055752221631,정상,"이름, 주소"
10959854,CU 대치은마점,서울 강남구 삼성로 237,37.4983686056053,127.060863507122,정상,"주소, 좌표"
7950663,세븐일레븐 대치3호점,서울 강남구 삼성로 151,37.49313550057345,127.0609768628213,정상,주소
1884105113,CU 개포사랑점,서울 강남구 선릉로10길 4,37.4831056441497,127.060661176385,정상,"주소, 좌표"
27498660,GS25 대치희망점,서울 강남구 삼성로 307,37.4994681249411,127.060294431968,정상,주소
16329648,CU 대치본점,서울 강남구 도곡로 443,37.4985426073982,127.058873309975,정상,주소
27603077,GS25 대치래미안점,서울 강남구 남부순환로 2927,37.49389536158608,127.06036910803071,정상,주소
12296484,GS25 대치학원점,서울 강남구 도곡로 511,37.4996256812263,127.062262307949,정상,"이름, 주소"
10992865,GS25 개포소망점,서울 강남구 개포로 508,37.4891997606836,127.067843998326,정상,주소
8442423,세븐일레븐 개포2호점,서울 강남구 개포로 512,37.4893324998717,127.068897963549,정상,"이름, 주소"
19304848,CU 포이대원점,서울 강남구 개포로22길 90,37.475011196322086,127.05269125466847,정상,"주소, 좌표"
16058203,CU 포이점,서울 강남구 개포로 233,37.4790316426347,127.048135578798,정상,"이름, 주소"
20038413,GS25 포이한라점,서울 강남구 논현로4길 43,37.4741856384644,127.053210708331,정상,"주소, 좌표"
1363265843,CU 개포스카이점,서울 강남구 언주로6길 17,37.4776681574685,127.058673779662,정상,"주소, 좌표"
435072650,이마트24 강남개포점,서울 강남구 언주로 110,37.485156769878586,127.05614466829311,정상,"이름, 주소"
12296528,GS25 개포경남점,서울 강남구 언주로 110,37.4831633815696,127.053018081429,정상,"이름, 주소"
1936511303,GS25 래미안포레스트점,서울 강남구 개포로 264,37.477623050329576,127.05504691183405,정상,주소
213844609,이마트24 개포상록스타힐스점,서울 강남구 영동대로 16,37.48925561775912,127.07528993213664,정상,"이름, 주소"
1936408567,GS25 개포늘푸른점,서울 강남구 영동대로 22,37.49010237074975,127.07559382212979,정상,주소
12149670,세븐일레븐 강남대청점,서울 강남구 개포로109길 9,37.49343596329679,127.07580298686561,정상,이름
1159815483,세븐일레븐 일원석탑점,서울 강남구 개포로 615,37.492658533156,127.075586221184,정상,"이름, 주소, 좌표"
1176032166,세븐일레븐 개포자이점,서울 강남구 삼성로 14,37.4876276373538,127.073637462495,정상,"이름, 주소"
7956831,세븐일레븐 대치덕일점,서울 강남구 역삼로 546,37.5043141868602,127.062881444146,정상,"이름, 주소"
1804846810,이마트24 한티대로점,서울 강남구 도곡로 413,37.497476472189085,127.05566083624429,정상,"이름, 주소"
7950664,세븐일레븐 대치공원점,서울 강남구 삼성로63길 21,37.4994907124351,127.058376463447,정상,"이름, 주소"
955617007,GS25 대치포인트점,서울 강남구 삼성로57길 35,37.4973130447966,127.058245850728,정상,"주소, 좌표"
879904706,CU 대치현대점,서울 강남구 삼성로 308,37.4996615937131,127.06077747796327,정상,"주소, 좌표"
276988104,CU 대치예영점,서울 강남구 삼성로63길 5,37.4998720947369,127.059665979655,정상,"주소, 좌표"
309247772,GS25 한티단국점,서울 강남구 도곡로70길 5,37.4969921724022,127.056627354154,정상,"주소, 좌표"
1941675651,당땡긴당,서울 강남구 개포로22길 49,37.4761980211994,127.050173250707,폐업,없음
16055393,세븐일레븐 개포주공점,서울 강남구 삼성로 38,37.48862540523141,127.06698978187808,정상,"이름, 주소"
2092703872,GS25 디에이치자이점,서울 강남구 영동대로 22,37.49137581582988,127.0736581034462,정상,주소
19729923,CU 대치선경점,서울 강남구 남부순환로 2936,37.4933873499346,127.06180933367,정상,주소
18115698,세븐일레븐 대치역점,서울 강남구 삼성로 155,37.49396618254961,127.0627856954433,정상,"이름, 주소"
1641676425,GS25 대치스카이점,서울 강남구 역삼로 558,37.504727909027,127.064257047432,정상,주소
1083602176,그린편의점,서울 강남구 삼성로4길 17,37.487328548799766,127.0690860815325,정상,"이름, 주소"
1133921325,GS25 개포자이점,서울 강남구 삼성로 14,37.4861549052345,127.068450685202,정상,주소
2029082076,세븐일레븐 디에이치아너힐즈점,서울 강남구 삼성로 11,37.485586327510255,127.06695088648164,정상,주소
17056567,GS25 역삼명진점,서울 강남구 역삼로18길 22,37.493441107121,127.03656998444,정상,"이름, 주소"
8371717,세븐일레븐 포이5호점,서울 강남구 개포로24길 6,37.4784622288465,127.048076423843,정상,"이름, 주소, 좌표"
10559656,세븐일레븐 포이4호점,서울 강남구 개포로20길 24-16,37.4767507515067,127.046980959232,정상,"이름, 주소"
13056288,세븐일레븐 포이중앙점,서울 강남구 논현로18길 14,37.4777349868883,127.046135916115,정상,"이름, 주소, 좌표"
2069381350,이마트24 포이사거리점,서울 강남구 개포로 202,37.4781066490526,127.044978444899,정상,주소
15668185,GS25 개포럭키점,서울 강남구 개포로20길 12,37.477914750923,127.047243978585,정상,"이름, 주소"
12296532,GS25 포이점,서울 강남구 개포로22길 40,37.4765443478675,127.049368535931,정상,"이름, 주소"
799577182,이마트24 개포래미안점,서울 강남구 선릉로 8,37.48163346359067,127.06226320420451,정상,"이름, 주소"
433589282,GS25 대치SK타운점,서울 강남구 삼성로51길 25,37.49561940356368,127.05954951318456,정상,주소
16269907,CU 대치롯데점,서울 강남구 선릉로64길 8,37.49774436633893,127.05306118319456,정상,"주소, 좌표"
8370889,세븐일레븐 역삼22호점,서울 강남구 언주로71길 9,37.4973452359974,127.044275279967,정상,"이름, 주소, 좌표"
645591906,GS25 개포사랑점,서울 강남구 논현로8길 21,37.4744427100966,127.050511230561,정상,"주소, 좌표"
18112313,세븐일레븐 세븐포이3호점,서울 강남구 논현로12길 19-9,37.4753733300577,127.048657795992,정상,"주소, 좌표"
1904289187,세븐일레븐 도곡센트레빌점,서울 강남구 선릉로 206,37.4914000861538,127.055651803874,정상,"이름, 주소"
12334952,CU 대치역점,서울 강남구 삼성로 223,37.49693920024693,127.06165281110465,정상,주소
797625249,GS25 논현스카이점,서울 강남구 도산대로8길 15,37.5159877990544,127.022396520931,정상,"이름, 주소, 좌표"
1149454476,세븐일레븐 신사만남점,서울 강남구 강남대로152길 26,37.5175484928627,127.021559928248,정상,"이름, 주소"
860481713,세븐일레븐 신사대로점,서울 강남구 도산대로 157,37.5190121465208,127.025740636336,정상,"이름, 주소"
7955984,세븐일레븐 신사5호점,서울 강남구 강남대로162길 45,37.5211235829628,127.022049641751,정상,"이름, 주소, 좌표"
842058595,이마트24 대치SK점,서울 강남구 삼성로51길 11,37.4962567707429,127.060622055216,정상,"주소, 좌표"
525735977,CU 가로수길점,서울 강남구 논현로151길 52,37.5196816157579,127.023912292569,정상,"주소, 좌표"
11289556,CU 논현학사점,서울 강남구 논현로149길 27,37.5179115152607,127.026401425051,정상,"주소, 좌표"
17041908,CU 논현APEX점,서울 강남구 도산대로 158,37.51844412457884,127.02587561656782,정상,"이름, 주소"
7948209,세븐일레븐 신사4호점,서울 강남구 도산대로15길 7,37.5187085513743,127.023818094242,정상,주소
23614691,GS25 강남영동점,서울 강남구 논현로149길 50,37.5173496996032,127.024496357121,정상,"이름, 주소"
27498658,GS25 신사성원점,서울 강남구 도산대로11길 34,37.51971343061653,127.02248812992676,정상,주소
12296346,GS25 신사제일점,서울 강남구 강남대로152길 40,37.5179663828746,127.022501179647,정상,"이름, 주소, 좌표"
12296409,GS25 신사센터점,서울 강남구 압구정로2길 58,37.5181432034904,127.021293143244,정상,"이름, 주소"
8177817,CU 논현영동점,서울 강남구 도산대로12길 9,37.5170939360756,127.023903548769,정상,"주소, 좌표"
16531630,세븐일레븐 논현14호점,서울 강남구 논현로149길 35,37.5175728976141,127.025677362505,정상,주소
1802957814,GS25 개포빌리지점,서울 강남구 논현로16길 6,37.47605874026963,127.04707096885963,정상,주소
42763246,GS25 강남개포점,서울 강남구 개포로15길 10,37.4792093528663,127.045322802971,정상,"주소, 좌표"
87779382,이마트24 뉴강남도곡점,서울 강남구 논현로38길 8,37.4850886256383,127.042382086209,정상,"이름, 주소, 좌표"
1791400846,GS25 뉴개포영광점,서울 강남구 논현로4길 12,37.47257910048701,127.05125609510728,정상,"주소, 좌표"
777133268,세븐일레븐 강남목련타운점,서울 강남구 광평로19길 15,37.4845959956042,127.085319896302,정상,"이름, 주소"
63141677,CU 수서까치마을점,서울 강남구 광평로19길 10,37.4841227721819,127.086823131346,정상,주소
8337320,CU 미가마트점,서울 강남구 일원로 81,37.4885324632939,127.085369602115,폐업,없음
8930938,마트24시,서울 강남구 일원로 81,37.4885135080178,127.086654081527,폐업,없음
599393610,이마트24 일원삼성점,서울 강남구 광평로31길 27,37.4845838123249,127.090786640251,정상,"이름, 주소"
17045951,CU 삼성암센터점,서울 강남구 일원로 81,37.489103619357,127.087939274265,폐업,없음
8669851,CU 일원다솜점,서울 강남구 양재대로43길 6,37.4905687188693,127.08539905758,정상,"이름, 주소, 좌표"
12296273,GS25 일원스타점,서울 강남구 양재대로55길 5,37.49123278618984,127.08782304018975,정상,"주소, 좌표"
740220915,CU 강남행복점,서울 강남구 양재대로55길 6,37.4913666102721,127.088394233547,정상,"이름, 주소"
995266109,세븐일레븐 일원본점,서울 강남구 양재대로55길 13,37.4916924732078,127.087589508892,정상,"이름, 주소"
2009650145,세븐일레븐 일원미래점,서울 강남구 일원로5길 58,37.4921295946324,127.084939477568,정상,"이름, 주소"
16649567,CU 강남일원점,서울 강남구 일원로3길 89,37.4934763709845,127.086496980106,정상,"이름, 주소, 좌표"
334033862,GS25 압구정유림점,서울 강남구 압구정로28길 49,37.5234289551194,127.027720143867,정상,주소
8446796,세븐일레븐 신사한나래점,서울 강남구 논현로159길 10,37.523057833843,127.027326333604,정상,"이름, 주소"
12296467,GS25 신현대점,서울 강남구 압구정로 151,37.5252353542319,127.024118826247,폐업,없음
78014378,세븐일레븐 압구정 11호점,서울 강남구 압구정로18길 5,37.5245793697815,127.024385594101,정상,"이름, 주소, 좌표"
110574416,세븐일레븐 신사압구정본점,서울 강남구 논현로157길 22,37.5224507993661,127.026262751345,정상,"이름, 주소, 좌표"
20038173,GS25 압구정화인점,서울 강남구 논현로155길 8,37.5219081555914,127.027321389394,정상,"이름, 주소, 좌표"
1846406696,CU 신사에비뉴점,서울 강남구 압구정로14길 6,37.523858850085,127.022978076835,정상,"주소, 좌표"
265237576,GS25 가로수길점,서울 강남구 가로수길 70-3,37.5226965507019,127.023009395055,정상,"이름, 주소, 좌표"
17056592,GS25 S논현역점,서울 강남구 학동로 지하 102,37.511198199421855,127.02165763527358,정상,주소
27539715,CU 신사프리미어점,서울 강남구 논현로157길 41,37.5214834260698,127.024859699025,정상,"이름, 주소"
16932280,CU 신사한남점,서울 강남구 압구정로 110,37.5229068525775,127.02103431135865,정상,주소
12296469,GS25 신사초롱점,서울 강남구 논현로153길 46,37.5204888020806,127.024461184754,정상,"주소, 좌표"
1597999541,GS25 신사포인트점,서울 강남구 강남대로162길 41-22,37.5220707162869,127.021066882272,정상,주소
2078342965,CU 압구정미성점,서울 강남구 압구정로 113,37.5242811828134,127.019267665007,정상,"이름, 주소"
8583229,GS25 논현삼익점,서울 강남구 강남대로132길 10,37.51217033798519,127.02190222940504,정상,"이름, 주소, 좌표"
10107269,CU 신사드림점,서울 강남구 압구정로4길 10,37.52199251911,127.019972962757,정상,"이름, 주소, 좌표"
23489909,(주)코리아세븐논현미성점,서울 강남구 도산대로 164,37.5186214489005,127.026655058856,폐업,없음
1387552733,CU 한강버스압구정점,서울 강남구 압구정동 380-1,37.526773769261226,127.01653395336571,폐업,없음
12296285,GS25 신사강남점,서울 강남구 압구정로2길 9,37.5210987872679,127.019597161287,정상,"이름, 주소, 좌표"
12296488,GS25 논현금옥점,서울 강남구 강남대로132길 48,37.5129563002221,127.024997125836,정상,"이름, 주소"
1504294433,CU 논현세기점,서울 강남구 학동로20길 33,37.5111283413454,127.028204213888,정상,"주소, 좌표"
12296538,GS25 논현사랑점,서울 강남구 논현로123길 40,37.5107858299175,127.028742469039,정상,"주소, 좌표"
16879083,CU 논현우람점,서울 강남구 강남대로128길 81,37.5125438582705,127.0280396080632,정상,주소
27498641,GS25 논현스타점,서울 강남구 도산대로26길 23,37.5176516068111,127.028215718145,정상,"주소, 좌표"
8562286,GS25 학동공원점,서울 강남구 강남대로146길 27,37.515262484662976,127.02243023796946,정상,"이름, 주소, 좌표"
514416019,세븐일레븐 신강남신사점,서울 강남구 도산대로1길 28,37.5185813413244,127.019856673514,정상,"이름, 주소, 좌표"
139345942,CU 일원마루공원점,서울 강남구 개포로 656,37.4950239506378,127.084490427073,정상,"이름, 주소, 좌표"
12296334,GS25 일원센타점,서울 강남구 양재대로33길 6,37.4899647662783,127.083263524227,정상,"주소, 좌표"
12296457,GS25 일원으뜸점,서울 강남구 일원로5길 6,37.49073370544435,127.08142576818601,정상,주소
235810139,CU 개포루체하임점,서울 강남구 개포로110길 50,37.490436988621234,127.08052762922527,정상,주소
987837835,GS25 일원대청점,서울 강남구 일원로3길 54,37.4924040057551,127.084234180752,정상,"이름, 주소, 좌표"
420443356,GS25 강남중동고점,서울 강남구 개포로116길 19,37.4930255743981,127.081850041134,정상,주소
1472605341,세븐일레븐 일원엘림점,서울 강남구 개포로128길 22,37.4936279651744,127.08368259422,정상,"이름, 주소"
969130113,스마트24,서울 강남구 개포로 623,37.4943416488277,127.079647527511,정상,"주소, 좌표"
474574192,세븐일레븐 뉴대청역점,서울 강남구 개포로 623,37.4943416488277,127.079647527511,정상,"이름, 주소, 좌표"
916994308,만나상사,서울 강남구 개포로 623,37.4943416488277,127.079647527511,정상,"주소, 좌표"
558000924,세븐일레븐 S3일원역점,서울 강남구 일원로 115,37.483957891530416,127.08432984838508,정상,"이름, 주소"
334631155,CU 일원가람점,서울 강남구 일원로 127,37.48286783502862,127.08410023444478,정상,주소
184687641,GS25 서울로봇고점,서울 강남구 광평로10길 50,37.48106992807757,127.08338593471206,정상,주소
1146906254,IGA마트 강남일원점,서울 강남구 일원로14길 25,37.4829994281047,127.080145404534,폐업,없음
16065593,CU 일원한솔점,서울 강남구 광평로10길 6,37.482388804886696,127.0797603379592,정상,주소
25973058,GS25 세곡1단지점,서울 강남구 광평로34길 55,37.4812150025661,127.091873605426,정상,주소
1725466785,세븐일레븐 강남포레스트점,서울 강남구 광평로34길 30,37.48214937956245,127.09412356604687,정상,"이름, 주소"
975890508,봉봉24 수서본점,서울 강남구 광평로34길 35,37.4820983072571,127.094893458252,폐업,없음
16329939,CU 대치기량점,서울 강남구 선릉로 406,37.5011592469208,127.05085944906,정상,"이름, 주소"
16083813,GS25 대치선릉점,서울 강남구 선릉로86길 16,37.50323870846376,127.0509977039301,정상,주소
18116725,세븐일레븐 역삼진선점,서울 강남구 선릉로85길 8,37.5028972275379,127.048865650144,정상,"이름, 주소, 좌표"
16620606,CU 신사현대점,서울 강남구 논현로176길 20,37.527248611136,127.030142555055,정상,"주소, 좌표"
721886504,세븐일레븐 압구정스퀘어점,서울 강남구 압구정로34길 11,37.52757727528323,127.03092216151883,정상,"이름, 주소"
16298986,CU 신사신구점,서울 강남구 압구정로36길 12,37.52772130358393,127.03142226199596,정상,주소
1008002744,GS25 강남신사점,서울 강남구 언주로173길 13,37.5280625001762,127.032468875825,정상,주소
793007860,CU 압구정현대아파트점,서울 강남구 압구정로 201,37.53031396273232,127.0295735863005,정상,주소
1076404588,GS25 신사자생점,서울 강남구 압구정로42길 24-10,37.527474523060405,127.03432170806855,정상,주소
1335234610,세븐일레븐 신사로데오점,서울 강남구 언주로172길 15,37.5277977297211,127.035181542935,정상,"이름, 주소"
12296468,GS25 신사타운점,서울 강남구 언주로174길 17,37.528364402960726,127.03537198467937,정상,주소
12296406,GS25 압구정현대점,서울 강남구 압구정로29길 71,37.5327557817102,127.029149147583,정상,주소
9486228,코오롱웰케어,서울 강남구 압구정로 316,37.5286993696068,127.036053203086,폐업,없음
10565313,세븐일레븐 대치점,서울 강남구 삼성로 150,37.4950354210473,127.066546570906,정상,"이름, 주소"
12296501,GS25 대치은행점,서울 강남구 삼성로64길 35,37.5006379045594,127.063217632801,정상,주소
9620549,CU 대청수성점,서울 강남구 개포로109길 34,37.4941601690987,127.077505584673,정상,주소
1469801296,이마트24 R대치역점,서울 강남구 남부순환로 2947,37.49457885972926,127.06279977810414,정상,"이름, 주소"
898450359,GS25 대치은마타운점,서울 강남구 삼성로58길 11,37.4988039807008,127.062229961115,정상,"이름, 주소, 좌표"
12149480,세븐일레븐 대치은마사거리점,서울 강남구 삼성로 238,37.498670201003215,127.06133080368728,정상,주소
1972285070,CU 대치삼성점,서울 강남구 도곡로 516,37.49897570860241,127.06291767902266,정상,주소
1019960012,CU 일원우성점,서울 강남구 개포로110길 15,37.491648532848,127.076937604346,정상,주소
105725149,이마트24 강남압구정점,서울 강남구 언주로174길 29,37.52812257136634,127.03656428237849,정상,"이름, 주소"
470894067,GS25 압구정사랑점,서울 강남구 압구정로 309,37.5308113898595,127.03581437108,정상,"이름, 주소"
316959891,GS25 압구정376점,서울 강남구 압구정동 376,37.53143612691776,127.04289591848308,폐업,없음
16620883,GS25 압구정타운점,서울 강남구 압구정로29길 71,37.53219952199615,127.02678886786572,정상,"이름, 주소"
1154664376,세븐일레븐 한강르네상스잠원1호점,서울 강남구 올림픽대로 2395,37.5283697252237,127.020486021593,정상,"이름, 주소"
1659826893,CU 압구정크루즈점,서울 강남구 압구정로11길 37-53,37.5290592146132,127.019156891806,정상,주소
12296408,GS25 압구정역점,서울 강남구 압구정로28길 18,37.5254580451008,127.027580615872,정상,"이름, 주소, 좌표"
12296284,GS25 압구정시티점,서울 강남구 압구정로 156,37.52591594643988,127.02674476314904,정상,주소
7879070,세븐일레븐 압구정2점,서울 강남구 압구정로28길 28,37.524719231229916,127.02754640580662,정상,"이름, 주소"
12346838,CU 압구정역점,서울 강남구 압구정로30길 12,37.5267731365008,127.029128718743,정상,주소
1972092517,세븐일레븐 신사증권점,서울 강남구 압구정로30길 18,37.5263109545155,127.028998440311,정상,"이름, 주소, 좌표"
1560070208,GS25 압구정신구점,서울 강남구 압구정로34길 24,37.5266069814372,127.030594815969,정상,"주소, 좌표"
1585109976,CU 압구정CGV점,서울 강남구 압구정로30길 45,37.52443950976367,127.02925451308384,정상,"이름, 주소"
277089897,GS25 압구정CGV점,서울 강남구 압구정로32길 49,37.52436907296955,127.0298879933734,정상,"이름, 주소, 좌표"
10883273,GS25 논현동현점,서울 강남구 도산대로50길 27,37.5205609979483,127.037714422705,정상,"이름, 주소, 좌표"
1446587623,세븐일레븐 청담누리점,서울 강남구 도산대로57길 7,37.5240737748414,127.041111100478,정상,"이름, 주소, 좌표"
27475427,GS25 봉은사점,서울 강남구 봉은사로 535,37.51419495856575,127.05868878995132,정상,주소
1596490975,세븐일레븐 코엑스아셈타워점,서울 강남구 영동대로 517,37.51315474226055,127.05960303087595,정상,주소
16301128,바이앤조이,서울 강남구 영동대로 517,37.5130915708134,127.0598031842,정상,주소
423795642,이마트24 스타필드코엑스몰1호점,서울 강남구 삼성동 159,37.51334379334876,127.05991875738057,정상,이름
828863750,GS25 S9봉은사역점,서울 강남구 봉은사로 지하 601,37.5142698811864,127.060202275595,정상,"이름, 주소, 좌표"
1234581626,이마트24 SMART삼성S&J빌딩점,서울 강남구 영동대로106길 9,37.5135085833768,127.061848545457,정상,"주소, 좌표"
1732284212,CU 삼성우주점,서울 강남구 영동대로118길 7,37.5162268810927,127.060163126584,정상,"주소, 좌표"
14523398,CU 삼성대웅점,서울 강남구 봉은사로 630,37.5147217796485,127.064387775732,정상,"주소, 좌표"
19204898,CU 삼성신코점,서울 강남구 봉은사로 627,37.51530121772889,127.06421747338823,정상,주소
1665915542,GS25 삼성래미안점,서울 강남구 봉은사로109길 35,37.5170417963293,127.062840089201,정상,주소
584762182,이마트24 삼성에이스점,서울 강남구 영동대로 640,37.51909920603059,127.05851616602565,정상,"이름, 주소"
19429643,세븐일레븐 삼성대웅점,서울 강남구 봉은사로 638,37.5148727588421,127.06509824906,정상,"이름, 주소"
1673364914,이마트24 대웅제약점,서울 강남구 봉은사로114길 12,37.5143770815035,127.065325172215,폐업,없음
2090778622,세븐일레븐 삼성국순당점,서울 강남구 봉은사로111길 8,37.51583665539814,127.06541919751909,정상,"이름, 주소, 좌표"
1427105612,CU 청담좋은날점,서울 강남구 영동대로128길 5,37.5201490523455,127.058156133045,정상,주소
12296272,GS25 청담삼익점,서울 강남구 학동로101길 7,37.5209782534692,127.05758777668,정상,주소
592912285,GS25 코엑스인터신협점,서울 강남구 봉은사로 524,37.5128468672171,127.057238808214,정상,주소
20103562,세븐일레븐 청담루나점,서울 강남구 학동로 523,37.52010044511525,127.05619798922466,정상,"이름, 주소"
16085019,GS25 청담자이점,서울 강남구 영동대로138길 9,37.522796133220226,127.05643304655882,정상,주소
26916392,쉼터편의점 코엑스점,서울 강남구 영동대로 513,37.5126487564784,127.058848193557,정상,주소
1807823431,이마트24 스타필드코엑스몰4호점,서울 강남구 영동대로 511,37.51026643951693,127.06074988190079,정상,"이름, 주소"
1096935388,이마트24 스타필드코엑스몰2호점,서울 강남구 삼성동 159-9,37.50979730420089,127.0619303114604,정상,이름
9607014,GS25 삼성역점,서울 강남구 영동대로 510,37.5105744162765,127.062791686791,정상,"이름, 주소"
1713056424,세븐일레븐 롯데캐논점,서울 강남구 테헤란로 607,37.5095105807579,127.064003269984,정상,"이름, 주소, 좌표"
670798508,GS25 뉴삼성아트점,서울 강남구 테헤란로103길 8-10,37.51011723797893,127.06513709871832,정상,주소
17041928,CU 대치점,서울 강남구 테헤란로98길 15,37.5073524420408,127.062757319766,정상,"주소, 좌표"
278625162,CU 삼성백암점,서울 강남구 테헤란로113길 7,37.5106844097416,127.065967787568,정상,주소
21656683,세븐일레븐 대치11호점,서울 강남구 테헤란로104길 12,37.5082882706126,127.065006573064,정상,"이름, 주소"
10404141,세븐일레븐 대치코스모점,서울 강남구 영동대로86길 10,37.507823382251,127.064951881254,정상,"이름, 주소"
12296500,GS25 대치삼호점,서울 강남구 테헤란로108길 11,37.5087273252286,127.066151553807,정상,"이름, 주소, 좌표"
73905111,위드미플러스,서울 강남구 테헤란로108길 19,37.50827676860523,127.06624842400599,정상,주소
13119458,세븐일레븐 대치삼화점,서울 강남구 테헤란로114길 20,37.5083693231949,127.06669073550525,정상,"이름, 주소"
1974363597,GS25 삼성메디슨점,서울 강남구 테헤란로104길 31,37.5072534717131,127.065810951602,정상,"주소, 좌표"
16560690,GS25 코스모타워점,서울 강남구 영동대로 416,37.5063095551805,127.065203911703,정상,주소
1262850215,세븐일레븐 논현보람점,서울 강남구 논현로132길 15,37.515239590975895,127.03187287181711,정상,"이름, 주소"
921754409,세븐일레븐 신사무지개점,서울 강남구 도산대로19길 16,37.5198579207737,127.02531163806,정상,"이름, 주소, 좌표"
787912102,CU 대치은마센트럴점,서울 강남구 삼성로 212,37.49587344007776,127.0631118414164,정상,주소
12296476,GS25 대치학여울점,서울 강남구 영동대로 213,37.49782733620329,127.06865245395716,정상,주소
1054441742,CU 대치은마동문점,서울 강남구 영동대로 219,37.49839151537263,127.06839513169254,정상,"이름, 주소"
12296353,GS25 대치은마점,서울 강남구 영동대로57길 16,37.5000200067106,127.066157442324,정상,주소
18117863,세븐일레븐 대치우성점,서울 강남구 도곡로93길 9,37.50083272516317,127.0645081637516,정상,"주소, 좌표"
19205506,CU 대치쌍용점,서울 강남구 영동대로50길 10,37.4985256961012,127.070050853264,정상,주소
1416174228,CU 컬쳐랜드타워점,서울 강남구 영동대로 326,37.503746373853005,127.06650001602492,정상,"이름, 주소"
551644761,더주마,서울 강남구 역삼로 555,37.505126580539,127.063466838747,폐업,없음
18118156,세븐일레븐 강남롯데점,서울 강남구 선릉로64길 15,37.4981415392406,127.053440305019,정상,"이름, 주소, 좌표"
1581314922,GS25 도곡역점,서울 강남구 남부순환로 2912,37.4909177387812,127.056302763269,정상,주소
305269886,GS25 도곡타워점,서울 강남구 남부순환로 2806,37.48932627419512,127.05302469831364,정상,주소
202418881,GS25 개포미래점,서울 강남구 개포로 244,37.478825733379,127.049297679811,정상,"주소, 좌표"
12305171,CU 매봉산점,서울 강남구 남부순환로377길 6,37.4869724848118,127.045214422532,정상,"이름, 주소, 좌표"
